{
    "model_type": "BiGRU Deep Learning Regressor",
    "overall": {
        "train_r2": 0.9384913651081439,
        "test_r2": 0.9040642784788007,
        "train_rmse": 0.061907980593450006,
        "test_rmse": 0.0889592337220495,
        "train_mae": 0.045915927204048114,
        "test_mae": 0.06259900061132101
    }
}