{
    "model_type": "BiGRU Deep Learning Regressor",
    "overall": {
        "train_r2": 0.9380007462379569,
        "test_r2": 0.904695250903023,
        "train_rmse": 0.06215439230855776,
        "test_rmse": 0.08866620719969992,
        "train_mae": 0.046122347999355176,
        "test_mae": 0.06281021379921548
    }
}