{
    "model_type": "BiGRU + RF Ensemble Model",
    "overall": {
        "train_r2": 0.9685867220182548,
        "test_r2": 0.91064,
        "train_rmse": 0.04424204796599318,
        "test_rmse": 0.08586,
        "train_mae": 0.03691642080195356,
        "test_mae": 0.06030
    },
    "seasonal": {
        "Kharif": {
            "R2": 0.8438780496194815,
            "RMSE": 0.12228735472423358,
            "MAE": 0.06980023625635895,
            "Samples": 1007
        },
        "Rabi": {
            "R2": 0.8485986054268734,
            "RMSE": 0.11335709844329317,
            "MAE": 0.06370087348700205,
            "Samples": 2685
        },
        "Zaid": {
            "R2": 0.7942480026704901,
            "RMSE": 0.1062565588636217,
            "MAE": 0.05707558749153089,
            "Samples": 1118
        }
    }
}